-----ajout de Fourn/agence pour pour nouveaux vendors


------volvo truks

update acteur set actlibcourt='VOLVO TRUCKS' , actnom='VOLVO TRUCKS'  where actid =88155  ;

update actphase set APHDTFIN  ='29/12/20'  where actid =88155 ;


Insert into ACTPHASE (ACTID,APHORDRE,PHACODE,PHADEST,JALCODE,APHDTDEB,UTICODE,CREID,APHDTFIN,APHDTMAJ) 
values ('88155','2','ACTIVE','ACTEUR',null,to_date('01/01/80','DD/MM/RR'),'COMSGL',null,null,to_date('29/12/20','DD/MM/RR'));

update actrole   set rolcode='AGENCE'  where actid =88155 and rolcode='GARANT';

update actrole set AROGRPPREL =0  ,AROGRPDEC  =0 , UTICODESPECCARE ='ORFI' ,UTICODEHQSPECCARE='ORFI'  where actid=88155 and rolcode='AGENCE' ;

----scania maroc

update acteur set actlibcourt='Scania Maroc' , actnom='Scania Maroc'  where actid =88092  ;

update actphase set APHDTFIN  ='29/12/20'  where actid =88092 ;

Insert into ACTPHASE (ACTID,APHORDRE,PHACODE,PHADEST,JALCODE,APHDTDEB,UTICODE,CREID,APHDTFIN,APHDTMAJ) 
values ('88092','2','ACTIVE','ACTEUR',null,to_date('01/01/80','DD/MM/RR'),'COMSGL',null,null,to_date('29/12/20','DD/MM/RR'));

update actrole   set rolcode='AGENCE'  where actid =88092 and rolcode='CLIENT';

update actrole set AROGRPPREL =0  ,AROGRPDEC  =0 , AROFORMATSORTIE=null, UTICODESPECCARE ='ORFI' ,UTICODEHQSPECCARE='ORFI'  where actid=88092 and rolcode='AGENCE' ;
update actrole set AROGRPPREL =0  ,AROGRPDEC  =0 , UTICODESPECCARE ='ORFI' ,UTICODEHQSPECCARE='ORFI'  where actid=88155 and rolcode='AGENCE' ;
/
update utilisateur set UTIFLAGPERMANENT =1  where uticode in ( 'MOHAMMEDA', 'REDAB','HICHAMBA')  ;
---
Insert into UTIACTDEFAULT (UTICODE,UADORDRE,TPGCODE,UADSALESNETWORK,ACTID,ROLCODE,UADDTSTART,UADDTEND,UADLINKTYPE,UDAFLAGINVESTIGATION,UTICODEREGISTEREDBY,UDADTREGISTEREDON)
values ('REDAB','1','CBM01','VEND','88155','FOURN',to_date('01/01/20','DD/MM/RR'),null,'FOURNUTICODE',null,null,null);
Insert into UTIACTDEFAULT (UTICODE,UADORDRE,TPGCODE,UADSALESNETWORK,ACTID,ROLCODE,UADDTSTART,UADDTEND,UADLINKTYPE,UDAFLAGINVESTIGATION,UTICODEREGISTEREDBY,UDADTREGISTEREDON) 
values ('REDAB','1','CBM01','VEND','88155','AGENCE',to_date('09/09/21','DD/MM/RR'),null,'AGENCEUTICODE',null,null,null);


Insert into UTIACTDEFAULT (UTICODE,UADORDRE,TPGCODE,UADSALESNETWORK,ACTID,ROLCODE,UADDTSTART,UADDTEND,UADLINKTYPE,UDAFLAGINVESTIGATION,UTICODEREGISTEREDBY,UDADTREGISTEREDON)
values ('HICHAMBA','1','CBM01','VEND','88092','FOURN',to_date('01/01/20','DD/MM/RR'),null,'FOURNUTICODE',null,null,null);
Insert into UTIACTDEFAULT (UTICODE,UADORDRE,TPGCODE,UADSALESNETWORK,ACTID,ROLCODE,UADDTSTART,UADDTEND,UADLINKTYPE,UDAFLAGINVESTIGATION,UTICODEREGISTEREDBY,UDADTREGISTEREDON) 
values ('HICHAMBA','1','CBM01','VEND','88092','AGENCE',to_date('09/09/21','DD/MM/RR'),null,'AGENCEUTICODE',null,null,null);


Insert into UTIACTDEFAULT (UTICODE,UADORDRE,TPGCODE,UADSALESNETWORK,ACTID,ROLCODE,UADDTSTART,UADDTEND,UADLINKTYPE,UDAFLAGINVESTIGATION,UTICODEREGISTEREDBY,UDADTREGISTEREDON)
values ('MOHAMMEDA','1','CBM01','VEND','88092','FOURN',to_date('01/01/20','DD/MM/RR'),null,'FOURNUTICODE',null,null,null);
Insert into UTIACTDEFAULT (UTICODE,UADORDRE,TPGCODE,UADSALESNETWORK,ACTID,ROLCODE,UADDTSTART,UADDTEND,UADLINKTYPE,UDAFLAGINVESTIGATION,UTICODEREGISTEREDBY,UDADTREGISTEREDON) 
values ('MOHAMMEDA','1','CBM01','VEND','88092','AGENCE',to_date('09/09/21','DD/MM/RR'),null,'AGENCEUTICODE',null,null,null);


Insert into UTIACTDEFAULT (UTICODE,UADORDRE,TPGCODE,UADSALESNETWORK,ACTID,ROLCODE,UADDTSTART,UADDTEND,UADLINKTYPE,UDAFLAGINVESTIGATION,UTICODEREGISTEREDBY,UDADTREGISTEREDON)
values ('HAMIDA','1','CBM01','VEND','88155','FOURN',to_date('01/01/20','DD/MM/RR'),null,'FOURNUTICODE',null,null,null);
Insert into UTIACTDEFAULT (UTICODE,UADORDRE,TPGCODE,UADSALESNETWORK,ACTID,ROLCODE,UADDTSTART,UADDTEND,UADLINKTYPE,UDAFLAGINVESTIGATION,UTICODEREGISTEREDBY,UDADTREGISTEREDON) 
values ('HAMIDA','1','CBM01','VEND','88155','AGENCE',to_date('09/09/21','DD/MM/RR'),null,'AGENCEUTICODE',null,null,null);


---- LKUTIARO
Insert into LKUTIARO (ACTID,UTICODE,ROLCODE,DEFAULTBRANCH) values ('88155','REDAB','AGENCE',null);
Insert into LKUTIARO (ACTID,UTICODE,ROLCODE,DEFAULTBRANCH) values ('88155','HAMIDA','AGENCE',null);

Insert into LKUTIARO (ACTID,UTICODE,ROLCODE,DEFAULTBRANCH) values ('88092','HICHAMBA','AGENCE',null);





