---EXTSGMAFOT-145

----Soumission pour Décision
update worstep  set WSTACTIONCODE='EVF_DECISION' where worcode='WFCLIPRO'   and WSTORDER  =8 and WSTACTIONCODE ='EVF_VALIDER' ;

-----RELATIONVALEURPROFIL
delete   from RELATIONVALEURPROFIL where reccode='USERGRPDECI' and revmerecode='RMCP' and revfillecode  in ( 'ACCORD' ,'REFUS');

delete  from RELATIONVALEURPROFIL where reccode='USERDECI' and revmerecode='RMCP'   
and revfillecode  in ( 'ACCORD' ,'REFUS');

Insert into RELATIONVALEURPROFIL (RECCODE,TPGCODE,REVMERECODE,REVFILLECODE,REVFLAGDEFAUT) values ('USERDECI','CBM01','RMCP','DECIAJ01','0');
Insert into RELATIONVALEURPROFIL (RECCODE,TPGCODE,REVMERECODE,REVFILLECODE,REVFLAGDEFAUT) values ('USERDECI','CBM01','RMCP','DECIDFA01','0');
Insert into RELATIONVALEURPROFIL (RECCODE,TPGCODE,REVMERECODE,REVFILLECODE,REVFLAGDEFAUT) values ('USERDECI','CBM01','RMCP','DECIFA01','0');
Insert into RELATIONVALEURPROFIL (RECCODE,TPGCODE,REVMERECODE,REVFILLECODE,REVFLAGDEFAUT) values ('USERDECI','CBI01','RMCP','DECIAJ01','0');
Insert into RELATIONVALEURPROFIL (RECCODE,TPGCODE,REVMERECODE,REVFILLECODE,REVFLAGDEFAUT) values ('USERDECI','CBI01','RMCP','DECIDFA01','0');
Insert into RELATIONVALEURPROFIL (RECCODE,TPGCODE,REVMERECODE,REVFILLECODE,REVFLAGDEFAUT) values ('USERDECI','CBI01','RMCP','DECIFA01','0');
Insert into RELATIONVALEURPROFIL (RECCODE,TPGCODE,REVMERECODE,REVFILLECODE,REVFLAGDEFAUT) values ('USERDECI','AUT','RMCP','DECIAJ01','0');
Insert into RELATIONVALEURPROFIL (RECCODE,TPGCODE,REVMERECODE,REVFILLECODE,REVFLAGDEFAUT) values ('USERDECI','AUT','RMCP','DECIDFA01','0');
Insert into RELATIONVALEURPROFIL (RECCODE,TPGCODE,REVMERECODE,REVFILLECODE,REVFLAGDEFAUT) values ('USERDECI','AUT','RMCP','DECIFA01','0');
Insert into RELATIONVALEURPROFIL (RECCODE,TPGCODE,REVMERECODE,REVFILLECODE,REVFLAGDEFAUT) values ('USERDECI','AUT02','RMCP','DECIAJ01','0');
Insert into RELATIONVALEURPROFIL (RECCODE,TPGCODE,REVMERECODE,REVFILLECODE,REVFLAGDEFAUT) values ('USERDECI','AUT02','RMCP','DECIDFA01','0');
Insert into RELATIONVALEURPROFIL (RECCODE,TPGCODE,REVMERECODE,REVFILLECODE,REVFLAGDEFAUT) values ('USERDECI','AUT02','RMCP','DECIFA01','0');



Insert into RELATIONVALEURPROFIL (RECCODE,TPGCODE,REVMERECODE,REVFILLECODE,REVFLAGDEFAUT) values ('USERGRPDECI','CBM01','RMCP','DECIAJ01','0');
Insert into RELATIONVALEURPROFIL (RECCODE,TPGCODE,REVMERECODE,REVFILLECODE,REVFLAGDEFAUT) values ('USERGRPDECI','CBM01','RMCP','DECIDFA01','0');
Insert into RELATIONVALEURPROFIL (RECCODE,TPGCODE,REVMERECODE,REVFILLECODE,REVFLAGDEFAUT) values ('USERGRPDECI','CBM01','RMCP','DECIFA01','0');

Insert into RELATIONVALEURPROFIL (RECCODE,TPGCODE,REVMERECODE,REVFILLECODE,REVFLAGDEFAUT) values ('USERGRPDECI','CBI01','RMCP','DECIAJ01','0');
Insert into RELATIONVALEURPROFIL (RECCODE,TPGCODE,REVMERECODE,REVFILLECODE,REVFLAGDEFAUT) values ('USERGRPDECI','CBI01','RMCP','DECIDFA01','0');
Insert into RELATIONVALEURPROFIL (RECCODE,TPGCODE,REVMERECODE,REVFILLECODE,REVFLAGDEFAUT) values ('USERGRPDECI','CBI01','RMCP','DECIFA01','0');


Insert into RELATIONVALEURPROFIL (RECCODE,TPGCODE,REVMERECODE,REVFILLECODE,REVFLAGDEFAUT) values ('USERGRPDECI','AUT','RMCP','DECIAJ01','0');
Insert into RELATIONVALEURPROFIL (RECCODE,TPGCODE,REVMERECODE,REVFILLECODE,REVFLAGDEFAUT) values ('USERGRPDECI','AUT','RMCP','DECIDFA01','0');
Insert into RELATIONVALEURPROFIL (RECCODE,TPGCODE,REVMERECODE,REVFILLECODE,REVFLAGDEFAUT) values ('USERGRPDECI','AUT','RMCP','DECIFA01','0');


Insert into RELATIONVALEURPROFIL (RECCODE,TPGCODE,REVMERECODE,REVFILLECODE,REVFLAGDEFAUT) values ('USERGRPDECI','AUT02','RMCP','DECIAJ01','0');
Insert into RELATIONVALEURPROFIL (RECCODE,TPGCODE,REVMERECODE,REVFILLECODE,REVFLAGDEFAUT) values ('USERGRPDECI','AUT02','RMCP','DECIDFA01','0');
Insert into RELATIONVALEURPROFIL (RECCODE,TPGCODE,REVMERECODE,REVFILLECODE,REVFLAGDEFAUT) values ('USERGRPDECI','AUT02','RMCP','DECIFA01','0');



---RULE

Insert into RULE (RULID,RULCODE,RULTARGET,RULOPERATOR,RULLOWERLIMIT,RULUPPERLIMIT,RULSTATUS,CRIIDFIRST,RULIDFIRST,RULIDSECOND,CRIIDSECONDMAX,CRIIDSECONDMIN,RULTYPE,RULFLAGCASSIOPAE,RULGROUP) 
values (3007117,'RURMCP1','AVDOSS','IN',null,null,'ACTIVE','3',null,null,null,null,'LOGICAL',null,null);


----LANRULE

Insert into LANRULE (RULID,LANCODE,RULLABEL) values (3007117,'FR','Rule RMCP1');

insert into rulvalue (RULID, RVAORDRE, RVAVALUE, RULIDVALUE, CRIID) 
values (3007117, 1, '','300793', '');
insert into rulvalue (RULID, RVAORDRE, RVAVALUE, RULIDVALUE, CRIID) 
values (3007117, 2, '','1003', '');


---RULE
Insert into RULE (RULID,RULCODE,RULTARGET,RULOPERATOR,RULLOWERLIMIT,RULUPPERLIMIT,RULSTATUS,CRIIDFIRST,RULIDFIRST,RULIDSECOND,CRIIDSECONDMAX,CRIIDSECONDMIN,RULTYPE,RULFLAGCASSIOPAE,RULGROUP) 
values (3007118,'RURMCP2','AVDOSS','IN',null,null,'ACTIVE','3',null,null,null,null,'LOGICAL',null,null);
----LANRULE

Insert into LANRULE (RULID,LANCODE,RULLABEL) values (3007118,'FR','Rule RMCP2');

insert into rulvalue (RULID, RVAORDRE, RVAVALUE, RULIDVALUE, CRIID) 
values (3007118, 1, '','300791', '');
insert into rulvalue (RULID, RVAORDRE, RVAVALUE, RULIDVALUE, CRIID) 
values (3007118, 2, '','1003', '');


---RULE
Insert into RULE (RULID,RULCODE,RULTARGET,RULOPERATOR,RULLOWERLIMIT,RULUPPERLIMIT,RULSTATUS,CRIIDFIRST,RULIDFIRST,RULIDSECOND,CRIIDSECONDMAX,CRIIDSECONDMIN,RULTYPE,RULFLAGCASSIOPAE,RULGROUP) 
values (3007119,'RURMCP3','AVDOSS','IN',null,null,'ACTIVE','3',null,null,null,null,'LOGICAL',null,null);
----LANRULE

Insert into LANRULE (RULID,LANCODE,RULLABEL) values (3007119,'FR','Rule RMCP3');

insert into rulvalue (RULID, RVAORDRE, RVAVALUE, RULIDVALUE, CRIID) 
values (3007119, 1, '','300792', '');
insert into rulvalue (RULID, RVAORDRE, RVAVALUE, RULIDVALUE, CRIID) 
values (3007119, 2, '','1003', '');


---RULE
Insert into RULE (RULID,RULCODE,RULTARGET,RULOPERATOR,RULLOWERLIMIT,RULUPPERLIMIT,RULSTATUS,CRIIDFIRST,RULIDFIRST,RULIDSECOND,CRIIDSECONDMAX,CRIIDSECONDMIN,RULTYPE,RULFLAGCASSIOPAE,RULGROUP) 
values (3007120,'RURMCP4','AVDOSS','IN',null,null,'ACTIVE','3',null,null,null,null,'LOGICAL',null,null);
----LANRULE

Insert into LANRULE (RULID,LANCODE,RULLABEL) values (3007120,'FR','Rule RMCP4');

insert into rulvalue (RULID, RVAORDRE, RVAVALUE, RULIDVALUE, CRIID) 
values (3007120, 1, '','300794', '');
insert into rulvalue (RULID, RVAORDRE, RVAVALUE, RULIDVALUE, CRIID) 
values (3007120, 2, '','1003', '');


---RULE
Insert into RULE (RULID,RULCODE,RULTARGET,RULOPERATOR,RULLOWERLIMIT,RULUPPERLIMIT,RULSTATUS,CRIIDFIRST,RULIDFIRST,RULIDSECOND,CRIIDSECONDMAX,CRIIDSECONDMIN,RULTYPE,RULFLAGCASSIOPAE,RULGROUP) 
values (3007121,'RURMCP5','AVDOSS','IN',null,null,'ACTIVE','3',null,null,null,null,'LOGICAL',null,null);
----LANRULE

Insert into LANRULE (RULID,LANCODE,RULLABEL) values (3007121,'FR','Rule RMCP5');

insert into rulvalue (RULID, RVAORDRE, RVAVALUE, RULIDVALUE, CRIID) 
values (3007121, 1, '','300795', '');
insert into rulvalue (RULID, RVAORDRE, RVAVALUE, RULIDVALUE, CRIID) 
values (3007121, 2, '','1003', '');


---RULE
Insert into RULE (RULID,RULCODE,RULTARGET,RULOPERATOR,RULLOWERLIMIT,RULUPPERLIMIT,RULSTATUS,CRIIDFIRST,RULIDFIRST,RULIDSECOND,CRIIDSECONDMAX,CRIIDSECONDMIN,RULTYPE,RULFLAGCASSIOPAE,RULGROUP) 
values (3007122,'RURMCP6','AVDOSS','IN',null,null,'ACTIVE','3',null,null,null,null,'LOGICAL',null,null);
----LANRULE

Insert into LANRULE (RULID,LANCODE,RULLABEL) values (3007122,'FR','Rule RMCP6');

insert into rulvalue (RULID, RVAORDRE, RVAVALUE, RULIDVALUE, CRIID) 
values (3007122, 1, '','300797', '');
insert into rulvalue (RULID, RVAORDRE, RVAVALUE, RULIDVALUE, CRIID) 
values (3007122, 2, '','1002', '');

---RULE
Insert into RULE (RULID,RULCODE,RULTARGET,RULOPERATOR,RULLOWERLIMIT,RULUPPERLIMIT,RULSTATUS,CRIIDFIRST,RULIDFIRST,RULIDSECOND,CRIIDSECONDMAX,CRIIDSECONDMIN,RULTYPE,RULFLAGCASSIOPAE,RULGROUP) 
values (3007123,'RURMCP7','AVDOSS','IN',null,null,'ACTIVE','3',null,null,null,null,'LOGICAL',null,null);
----LANRULE

Insert into LANRULE (RULID,LANCODE,RULLABEL) values (3007123,'FR','Rule RMCP7');

insert into rulvalue (RULID, RVAORDRE, RVAVALUE, RULIDVALUE, CRIID) 
values (3007123, 1, '','3007100', '');
insert into rulvalue (RULID, RVAORDRE, RVAVALUE, RULIDVALUE, CRIID) 
values (3007123, 2, '','1003', '');


---RULE
Insert into RULE (RULID,RULCODE,RULTARGET,RULOPERATOR,RULLOWERLIMIT,RULUPPERLIMIT,RULSTATUS,CRIIDFIRST,RULIDFIRST,RULIDSECOND,CRIIDSECONDMAX,CRIIDSECONDMIN,RULTYPE,RULFLAGCASSIOPAE,RULGROUP) 
values (3007124,'RURMCP8','AVDOSS','IN',null,null,'ACTIVE','3',null,null,null,null,'LOGICAL',null,null);
----LANRULE

Insert into LANRULE (RULID,LANCODE,RULLABEL) values (3007124,'FR','Rule RMCP8');

insert into rulvalue (RULID, RVAORDRE, RVAVALUE, RULIDVALUE, CRIID) 
values (3007124, 1, '','3007101', '');
insert into rulvalue (RULID, RVAORDRE, RVAVALUE, RULIDVALUE, CRIID) 
values (3007124, 2, '','1003', '');



---RULE
Insert into RULE (RULID,RULCODE,RULTARGET,RULOPERATOR,RULLOWERLIMIT,RULUPPERLIMIT,RULSTATUS,CRIIDFIRST,RULIDFIRST,RULIDSECOND,CRIIDSECONDMAX,CRIIDSECONDMIN,RULTYPE,RULFLAGCASSIOPAE,RULGROUP) 
values (3007125,'RURMCP9','AVDOSS','IN',null,null,'ACTIVE','3',null,null,null,null,'LOGICAL',null,null);
----LANRULE

Insert into LANRULE (RULID,LANCODE,RULLABEL) values (3007125,'FR','Rule RMCP9');

insert into rulvalue (RULID, RVAORDRE, RVAVALUE, RULIDVALUE, CRIID) 
values (3007125, 1, '','3007102', '');
insert into rulvalue (RULID, RVAORDRE, RVAVALUE, RULIDVALUE, CRIID) 
values (3007125, 2, '','1003', '');

---RULE
Insert into RULE (RULID,RULCODE,RULTARGET,RULOPERATOR,RULLOWERLIMIT,RULUPPERLIMIT,RULSTATUS,CRIIDFIRST,RULIDFIRST,RULIDSECOND,CRIIDSECONDMAX,CRIIDSECONDMIN,RULTYPE,RULFLAGCASSIOPAE,RULGROUP) 
values (3007126,'RURMCP10','AVDOSS','IN',null,null,'ACTIVE','3',null,null,null,null,'LOGICAL',null,null);
----LANRULE

Insert into LANRULE (RULID,LANCODE,RULLABEL) values (3007126,'FR','Rule RMCP10');

insert into rulvalue (RULID, RVAORDRE, RVAVALUE, RULIDVALUE, CRIID) 
values (3007126, 1, '','300798', '');
insert into rulvalue (RULID, RVAORDRE, RVAVALUE, RULIDVALUE, CRIID) 
values (3007126, 2, '','1003', '');

---RULE
Insert into RULE (RULID,RULCODE,RULTARGET,RULOPERATOR,RULLOWERLIMIT,RULUPPERLIMIT,RULSTATUS,CRIIDFIRST,RULIDFIRST,RULIDSECOND,CRIIDSECONDMAX,CRIIDSECONDMIN,RULTYPE,RULFLAGCASSIOPAE,RULGROUP) 
values (3007127,'RURMCP11','AVDOSS','IN',null,null,'ACTIVE','3',null,null,null,null,'LOGICAL',null,null);
----LANRULE

Insert into LANRULE (RULID,LANCODE,RULLABEL) values (3007127,'FR','Rule RMCP11');

insert into rulvalue (RULID, RVAORDRE, RVAVALUE, RULIDVALUE, CRIID) 
values (3007127, 1, '','3007105', '');
insert into rulvalue (RULID, RVAORDRE, RVAVALUE, RULIDVALUE, CRIID) 
values (3007127, 2, '','1003', '');

---RULE
Insert into RULE (RULID,RULCODE,RULTARGET,RULOPERATOR,RULLOWERLIMIT,RULUPPERLIMIT,RULSTATUS,CRIIDFIRST,RULIDFIRST,RULIDSECOND,CRIIDSECONDMAX,CRIIDSECONDMIN,RULTYPE,RULFLAGCASSIOPAE,RULGROUP) 
values (3007128,'RURMCP11','AVDOSS','IN',null,null,'ACTIVE','3',null,null,null,null,'LOGICAL',null,null);
----LANRULE

Insert into LANRULE (RULID,LANCODE,RULLABEL) values (3007127,'FR','Rule RMCP11');

insert into rulvalue (RULID, RVAORDRE, RVAVALUE, RULIDVALUE, CRIID) 
values (3007128, 1, '','300793', '');
insert into rulvalue (RULID, RVAORDRE, RVAVALUE, RULIDVALUE, CRIID) 
values (3007128, 2, '','1003', '');


commit ;
----acceptation
update wstjump  set rulid =3007117 where worcode='WFCLIPRO'   and WSTORDER  =8 and rulid = 300793 ;
update wstjump  set rulid =3007118 where worcode='WFCLIPRO'   and WSTORDER  =8 and rulid = 300791 ;
update wstjump  set rulid =3007119 where worcode='WFCLIPRO'   and WSTORDER  =8 and rulid = 300792 ;
update wstjump  set rulid =3007120 where worcode='WFCLIPRO'   and WSTORDER  =8 and rulid = 300794 ;
update wstjump  set rulid =3007121 where worcode='WFCLIPRO'   and WSTORDER  =8 and rulid = 300795 ;
update wstjump  set rulid =3007122 where worcode='WFCLIPRO'   and WSTORDER  =8 and rulid = 300797 ;

update cddrul  set rulid =3007128 where cddordre =1083 and rulid =300793  ;
update cddrul  set rulid =3007123 where cddordre =1084 and rulid =3007100  ;
update cddrul  set rulid =3007124 where cddordre =1085 and rulid =3007101  ;
update cddrul  set rulid =3007125 where cddordre =1086 and rulid =3007102  ;
update cddrul  set rulid =3007126 where cddordre =1087 and rulid =300798  ;
update cddrul  set rulid =3007127 where cddordre =1088 and rulid =3007105  ;



delete  from wstjump   where worcode='WFCLIPRO'  and wstorder =8  and rulid= 3007122;
Insert into WSTJUMP (WORCODE,WSTORDER,WORCODEDEST,WSTORDERDEST,RULID) values ('WFCLIPRO','8','WFCLIPRO','15','1004');---Classer Sans Suite Demande
Insert into WSTJUMP (WORCODE,WSTORDER,WORCODEDEST,WSTORDERDEST,RULID) values ('WFCLIPRO','8','WFCLIPRO','6','1000');---retour pour instruction



---Avis defavorable --Demande refusée
--- FORMALITE

Insert into FORMALITE (FORID,FORCODE,FORDEST,TACCODE,UGECODE,DOCIDEMIS,FORIDRAPPEL,FORDELAIEMIS,FORFLAGDOCEMIS,FORFLAGREPONSE,FORDELAIREP,FORFLAGFORRAPPEL,FORFLAGOBLIG,FORTYPEDATE,FORMODELANCEMENT,FORFLAGRECURRENT,FORPERIODE,FORMULTIPLE,FORJOUR,FORMOIS,FORDELAIREACTIVATION,FORDELAIREPONSEHEURE,FORNBACREER,FORTYPEJOUR,FORTYPERECURRENCE,FORPRIORITY,FORTYPE,FORPEREMIS,FORPERACT,FORPERREP,FORPERREPONSE,FORTYPEMSG,ANMID,FORTELTYPE,FORPROCEDURE,FORGROUP,CALID,FORGAPTYPE,TGRID,FORCLOSING,FORSTEPCODESOURCE,FORSTEPCODETARGET,FORFLAGREMINDER,FORREMMETHOD,FORREMPERIODBEFORE,FORREMMULTIPLEBEFORE,FORREMPERIODAFTER,FORREMMULTIPLEAFTER,FORPROCRUN,FORDTFREQUENCYTIME,FORWEIGHT,RMAID,SLAID,FORMESSAGE,FORTARGETTYPE,FOREXTERNALADDRESS,DMATYPE) 
values ('50036','50036','AVDOSS','GLOBAL','SGM',null,null,'0','0','2','1','0','0','DTIMME','EVT','0','J','0','0',null,'0',null,null,null,null,null,'GESTADM',null,null,null,null,null,null,null,null,null,'5','OUVRE',null,null,null,null,null,null,null,null,null,null,null,null,null,null,null,null,null,null,null);

---- LANFORMALITE

Insert into LANFORMALITE (FORID,LANCODE,FORLIBELLE,FORDESCRIPTION) values ('50036','FR','Avis Défavorable ,Classer Sans Suite la demande',null);

---- FORDESTINATION

Insert into FORDESTINATION (FORID,TPGCODE,FDEORDRE,FDEULYSENDER,FDEUTICODESENDER,FDEGROCODESENDER,FDESECTGESTIONSENDER,FDEMETIERSENDER,FDEULYRECEIVER,FDEUTICODERECEIVER,FDEGROCODERECEIVER,FDESECTGESTIONRECEIVER,FDEMETIERRECEIVER,FDEACTION,FDEPRIORITY,FDEWORCODE,FDEWSTORDER,FDEWEIGHT,TCUCODE) 
values ('50036','TOUT','1',null,null,null,null,null,'GRORECEIVE',null,'CASGL','SGMLEA',null,null,null,null,null,null,null);

-------- WSTCONSEQUENCE

Insert into WSTCONSEQUENCE (WORCODE,WSTORDER,WSCORDER,WSCACTIONTYPE,WSCACTIONCODE,WSCACTIONMODE,WSCFLAGMAIL,WORCODEDEST) 
values ('WFCLIPRO','8','9','FORMALITE','50036',null,null,null);

----LANWSTCONSEQUENCE

Insert into LANWSTCONSEQUENCE (WORCODE,WSTORDER,WSCORDER,LANCODE,WSTLABEL,WSTDESCRIPTION)
 values ('WFCLIPRO','8','9','FR','Notification',null);


insert into cusdefdata (CSEID, CDEORDRE, CDDORDRE, CDDSTRINGVALUE, CDDNUMERICVALUE, CDDDATEVALUE, CDDBOOLEANVALUE) 
values (108, 1, 8920, '','9', '', '');
insert into cusdefdata (CSEID, CDEORDRE, CDDORDRE, CDDSTRINGVALUE, CDDNUMERICVALUE, CDDDATEVALUE, CDDBOOLEANVALUE) 
values (108, 2, 8920, 'WFCLIPRO','', '', '');
insert into cusdefdata (CSEID, CDEORDRE, CDDORDRE, CDDSTRINGVALUE, CDDNUMERICVALUE, CDDDATEVALUE, CDDBOOLEANVALUE) 
values (108, 3, 8920, '','8', '', '');


insert into cddrul (CSEID, CDEORDRE, CDDORDRE, RULID) values (108, 1, 8920,1005 );
insert into cddrul (CSEID, CDEORDRE, CDDORDRE, RULID) values (108, 2, 8920,1005 );
insert into cddrul (CSEID, CDEORDRE, CDDORDRE, RULID) values (108, 3, 8920,1005 );

--------Demande ajournee--Retour pour instruction

--- FORMALITE

Insert into FORMALITE (FORID,FORCODE,FORDEST,TACCODE,UGECODE,DOCIDEMIS,FORIDRAPPEL,FORDELAIEMIS,FORFLAGDOCEMIS,FORFLAGREPONSE,FORDELAIREP,FORFLAGFORRAPPEL,FORFLAGOBLIG,FORTYPEDATE,FORMODELANCEMENT,FORFLAGRECURRENT,FORPERIODE,FORMULTIPLE,FORJOUR,FORMOIS,FORDELAIREACTIVATION,FORDELAIREPONSEHEURE,FORNBACREER,FORTYPEJOUR,FORTYPERECURRENCE,FORPRIORITY,FORTYPE,FORPEREMIS,FORPERACT,FORPERREP,FORPERREPONSE,FORTYPEMSG,ANMID,FORTELTYPE,FORPROCEDURE,FORGROUP,CALID,FORGAPTYPE,TGRID,FORCLOSING,FORSTEPCODESOURCE,FORSTEPCODETARGET,FORFLAGREMINDER,FORREMMETHOD,FORREMPERIODBEFORE,FORREMMULTIPLEBEFORE,FORREMPERIODAFTER,FORREMMULTIPLEAFTER,FORPROCRUN,FORDTFREQUENCYTIME,FORWEIGHT,RMAID,SLAID,FORMESSAGE,FORTARGETTYPE,FOREXTERNALADDRESS,DMATYPE) 
values ('50037','50037','AVDOSS','GLOBAL','SGM',null,null,'0','0','2','1','0','0','DTIMME','EVT','0','J','0','0',null,'0',null,null,null,null,null,'GESTADM',null,null,null,null,null,null,null,null,null,'5','OUVRE',null,null,null,null,null,null,null,null,null,null,null,null,null,null,null,null,null,null,null);

---- LANFORMALITE

Insert into LANFORMALITE (FORID,LANCODE,FORLIBELLE,FORDESCRIPTION) values ('50037','FR','Demande Ajournée ,retour pour instruction',null);

---- FORDESTINATION

Insert into FORDESTINATION (FORID,TPGCODE,FDEORDRE,FDEULYSENDER,FDEUTICODESENDER,FDEGROCODESENDER,FDESECTGESTIONSENDER,FDEMETIERSENDER,FDEULYRECEIVER,FDEUTICODERECEIVER,FDEGROCODERECEIVER,FDESECTGESTIONRECEIVER,FDEMETIERRECEIVER,FDEACTION,FDEPRIORITY,FDEWORCODE,FDEWSTORDER,FDEWEIGHT,TCUCODE) 
values ('50037','TOUT','1',null,null,null,null,null,'GRORECEIVE',null,'CASGL','SGMLEA',null,null,null,null,null,null,null);

Insert into FORDESTINATION (FORID,TPGCODE,FDEORDRE,FDEULYSENDER,FDEUTICODESENDER,FDEGROCODESENDER,FDESECTGESTIONSENDER,FDEMETIERSENDER,FDEULYRECEIVER,FDEUTICODERECEIVER,FDEGROCODERECEIVER,FDESECTGESTIONRECEIVER,FDEMETIERRECEIVER,FDEACTION,FDEPRIORITY,FDEWORCODE,FDEWSTORDER,FDEWEIGHT,TCUCODE) 
values ('50037','TOUT','2',null,null,null,null,null,'GRORECEIVE',null,'CAFV','SGMLEA',null,null,null,null,null,null,null);
-------- WSTCONSEQUENCE

Insert into WSTCONSEQUENCE (WORCODE,WSTORDER,WSCORDER,WSCACTIONTYPE,WSCACTIONCODE,WSCACTIONMODE,WSCFLAGMAIL,WORCODEDEST) 
values ('WFCLIPRO','8','10','FORMALITE','50037',null,null,null);

----LANWSTCONSEQUENCE

Insert into LANWSTCONSEQUENCE (WORCODE,WSTORDER,WSCORDER,LANCODE,WSTLABEL,WSTDESCRIPTION)
 values ('WFCLIPRO','8','10','FR','Notification',null);


insert into cusdefdata (CSEID, CDEORDRE, CDDORDRE, CDDSTRINGVALUE, CDDNUMERICVALUE, CDDDATEVALUE, CDDBOOLEANVALUE) 
values (108, 1, 8100, '','10', '', '');
insert into cusdefdata (CSEID, CDEORDRE, CDDORDRE, CDDSTRINGVALUE, CDDNUMERICVALUE, CDDDATEVALUE, CDDBOOLEANVALUE) 
values (108, 2, 8100, 'WFCLIPRO','', '', '');
insert into cusdefdata (CSEID, CDEORDRE, CDDORDRE, CDDSTRINGVALUE, CDDNUMERICVALUE, CDDDATEVALUE, CDDBOOLEANVALUE) 
values (108, 3, 8100, '','8', '', '');


insert into cddrul (CSEID, CDEORDRE, CDDORDRE, RULID) values (108, 1, 8100,1001 );
insert into cddrul (CSEID, CDEORDRE, CDDORDRE, RULID) values (108, 2, 8100,1001 );
insert into cddrul (CSEID, CDEORDRE, CDDORDRE, RULID) values (108, 3, 8100,1001 );


commit ;








