


---rule groupe cafv
Insert into RULE (RULID,RULCODE,RULTARGET,RULOPERATOR,RULLOWERLIMIT,RULUPPERLIMIT,RULSTATUS,CRIIDFIRST,RULIDFIRST,RULIDSECOND,CRIIDSECONDMAX,CRIIDSECONDMIN,RULTYPE,RULFLAGCASSIOPAE,RULGROUP) 
values ('3007167','GRCAFV','AVDOSS','=','CAFV',null,'ACTIVE','8508',null,null,null,null,'LOGICAL',null,null);

---- LANRULE
Insert into LANRULE (RULID,LANCODE,RULLABEL) values ('3007167','FR','Groupe CAFV');

---rule groupe casgl 
Insert into RULE (RULID,RULCODE,RULTARGET,RULOPERATOR,RULLOWERLIMIT,RULUPPERLIMIT,RULSTATUS,CRIIDFIRST,RULIDFIRST,RULIDSECOND,CRIIDSECONDMAX,CRIIDSECONDMIN,RULTYPE,RULFLAGCASSIOPAE,RULGROUP) 
values ('3007168','GRPEC','AVDOSS','=','CASGL',null,'ACTIVE','8508',null,null,null,null,'LOGICAL',null,null);

---- LANRULE
Insert into LANRULE (RULID,LANCODE,RULLABEL) values ('3007168','FR','Groupe CASGL');



---rule groupe RISQ 
Insert into RULE (RULID,RULCODE,RULTARGET,RULOPERATOR,RULLOWERLIMIT,RULUPPERLIMIT,RULSTATUS,CRIIDFIRST,RULIDFIRST,RULIDSECOND,CRIIDSECONDMAX,CRIIDSECONDMIN,RULTYPE,RULFLAGCASSIOPAE,RULGROUP) 
values ('3007169','GRPRQ','AVDOSS','=','RISQUE',null,'ACTIVE','8508',null,null,null,null,'LOGICAL',null,null);

---- LANRULE
Insert into LANRULE (RULID,LANCODE,RULLABEL) values ('3007169','FR','Groupe RISQUE');


----rule grpe rmcp 

Insert into RULE (RULID,RULCODE,RULTARGET,RULOPERATOR,RULLOWERLIMIT,RULUPPERLIMIT,RULSTATUS,CRIIDFIRST,RULIDFIRST,RULIDSECOND,CRIIDSECONDMAX,CRIIDSECONDMIN,RULTYPE,RULFLAGCASSIOPAE,RULGROUP) 
values ('3007170','GRPMP','AVDOSS','=','RMCP',null,'ACTIVE','8508',null,null,null,null,'LOGICAL',null,null);

---- LANRULE
Insert into LANRULE (RULID,LANCODE,RULLABEL) values ('3007170','FR','Groupe RMCP');



----rule grpe dirrisq 

Insert into RULE (RULID,RULCODE,RULTARGET,RULOPERATOR,RULLOWERLIMIT,RULUPPERLIMIT,RULSTATUS,CRIIDFIRST,RULIDFIRST,RULIDSECOND,CRIIDSECONDMAX,CRIIDSECONDMIN,RULTYPE,RULFLAGCASSIOPAE,RULGROUP) 
values ('3007171','GRPDRQE','AVDOSS','=','RISQSGL',null,'ACTIVE','8508',null,null,null,null,'LOGICAL',null,null);

---- LANRULE
Insert into LANRULE (RULID,LANCODE,RULLABEL) values ('3007171','FR','Groupe RMCP');

----rule grpe dg

Insert into RULE (RULID,RULCODE,RULTARGET,RULOPERATOR,RULLOWERLIMIT,RULUPPERLIMIT,RULSTATUS,CRIIDFIRST,RULIDFIRST,RULIDSECOND,CRIIDSECONDMAX,CRIIDSECONDMIN,RULTYPE,RULFLAGCASSIOPAE,RULGROUP) 
values ('3007172','GRPDG','AVDOSS','=','DG_SGL',null,'ACTIVE','8508',null,null,null,null,'LOGICAL',null,null);

---- LANRULE
Insert into LANRULE (RULID,LANCODE,RULLABEL) values ('3007172','FR','Groupe DGSGL');

 
 ----rule grpe dgA

Insert into RULE (RULID,RULCODE,RULTARGET,RULOPERATOR,RULLOWERLIMIT,RULUPPERLIMIT,RULSTATUS,CRIIDFIRST,RULIDFIRST,RULIDSECOND,CRIIDSECONDMAX,CRIIDSECONDMIN,RULTYPE,RULFLAGCASSIOPAE,RULGROUP) 
values ('3007173','GRPDGA','AVDOSS','=','DGA_SGL',null,'ACTIVE','8508',null,null,null,null,'LOGICAL',null,null);

---- LANRULE
Insert into LANRULE (RULID,LANCODE,RULLABEL) values ('3007173','FR','Groupe DGASGL');

commit ;
--------pcrid=4

Insert into RULVALUE (RULID,RVAORDRE,RVAVALUE,RULIDVALUE,CRIID) values ('3007149','5',null,'3007167',null);
Insert into RULVALUE (RULID,RVAORDRE,RVAVALUE,RULIDVALUE,CRIID) values ('3007149','6',null,'3007168',null);
Insert into RULVALUE (RULID,RVAORDRE,RVAVALUE,RULIDVALUE,CRIID) values ('3007149','7',null,'3007169',null);
Insert into RULVALUE (RULID,RVAORDRE,RVAVALUE,RULIDVALUE,CRIID) values ('3007149','8',null,'3007170',null);

Insert into RULVALUE (RULID,RVAORDRE,RVAVALUE,RULIDVALUE,CRIID) values ('3007149','9',null,'3007171',null);
Insert into RULVALUE (RULID,RVAORDRE,RVAVALUE,RULIDVALUE,CRIID) values ('3007149','10',null,'3007172',null);
Insert into RULVALUE (RULID,RVAORDRE,RVAVALUE,RULIDVALUE,CRIID) values ('3007149','11',null,'3007173',null);
--------pcrid=8

Insert into RULVALUE (RULID,RVAORDRE,RVAVALUE,RULIDVALUE,CRIID) values ('3007161','5',null,'3007167',null);
Insert into RULVALUE (RULID,RVAORDRE,RVAVALUE,RULIDVALUE,CRIID) values ('3007161','6',null,'3007168',null);
Insert into RULVALUE (RULID,RVAORDRE,RVAVALUE,RULIDVALUE,CRIID) values ('3007161','7',null,'3007169',null);
Insert into RULVALUE (RULID,RVAORDRE,RVAVALUE,RULIDVALUE,CRIID) values ('3007161','8',null,'3007170',null);

Insert into RULVALUE (RULID,RVAORDRE,RVAVALUE,RULIDVALUE,CRIID) values ('3007161','9',null,'3007171',null);
Insert into RULVALUE (RULID,RVAORDRE,RVAVALUE,RULIDVALUE,CRIID) values ('3007161','10',null,'3007172',null);
Insert into RULVALUE (RULID,RVAORDRE,RVAVALUE,RULIDVALUE,CRIID) values ('3007161','11',null,'3007173',null);

-------pcrid =16

Insert into RULVALUE (RULID,RVAORDRE,RVAVALUE,RULIDVALUE,CRIID) values ('3007165','4',null,'3007167',null);
Insert into RULVALUE (RULID,RVAORDRE,RVAVALUE,RULIDVALUE,CRIID) values ('3007165','5',null,'3007168',null);
Insert into RULVALUE (RULID,RVAORDRE,RVAVALUE,RULIDVALUE,CRIID) values ('3007165','6',null,'3007169',null);
Insert into RULVALUE (RULID,RVAORDRE,RVAVALUE,RULIDVALUE,CRIID) values ('3007165','7',null,'3007170',null);

Insert into RULVALUE (RULID,RVAORDRE,RVAVALUE,RULIDVALUE,CRIID) values ('3007165','8',null,'3007171',null);
Insert into RULVALUE (RULID,RVAORDRE,RVAVALUE,RULIDVALUE,CRIID) values ('3007165','9',null,'3007172',null);
Insert into RULVALUE (RULID,RVAORDRE,RVAVALUE,RULIDVALUE,CRIID) values ('3007165','10',null,'3007173',null);

------pcrid =20 

Insert into RULVALUE (RULID,RVAORDRE,RVAVALUE,RULIDVALUE,CRIID) values ('3007166','4',null,'3007167',null);
Insert into RULVALUE (RULID,RVAORDRE,RVAVALUE,RULIDVALUE,CRIID) values ('3007166','5',null,'3007168',null);
Insert into RULVALUE (RULID,RVAORDRE,RVAVALUE,RULIDVALUE,CRIID) values ('3007166','6',null,'3007169',null);
Insert into RULVALUE (RULID,RVAORDRE,RVAVALUE,RULIDVALUE,CRIID) values ('3007166','7',null,'3007170',null);

Insert into RULVALUE (RULID,RVAORDRE,RVAVALUE,RULIDVALUE,CRIID) values ('3007166','8',null,'3007171',null);
Insert into RULVALUE (RULID,RVAORDRE,RVAVALUE,RULIDVALUE,CRIID) values ('3007166','9',null,'3007172',null);
Insert into RULVALUE (RULID,RVAORDRE,RVAVALUE,RULIDVALUE,CRIID) values ('3007166','10',null,'3007173',null);


---------pcrid=12

Insert into RULVALUE (RULID,RVAORDRE,RVAVALUE,RULIDVALUE,CRIID) values ('3007164','3',null,'3007167',null);
Insert into RULVALUE (RULID,RVAORDRE,RVAVALUE,RULIDVALUE,CRIID) values ('3007164','4',null,'3007168',null);
Insert into RULVALUE (RULID,RVAORDRE,RVAVALUE,RULIDVALUE,CRIID) values ('3007164','5',null,'3007169',null);
Insert into RULVALUE (RULID,RVAORDRE,RVAVALUE,RULIDVALUE,CRIID) values ('3007164','6',null,'3007170',null);

Insert into RULVALUE (RULID,RVAORDRE,RVAVALUE,RULIDVALUE,CRIID) values ('3007164','7',null,'3007171',null);
Insert into RULVALUE (RULID,RVAORDRE,RVAVALUE,RULIDVALUE,CRIID) values ('3007164','8',null,'3007172',null);
Insert into RULVALUE (RULID,RVAORDRE,RVAVALUE,RULIDVALUE,CRIID) values ('3007164','9',null,'3007173',null);



---------pcrid=10

Insert into RULVALUE (RULID,RVAORDRE,RVAVALUE,RULIDVALUE,CRIID) values ('3007163','3',null,'3007167',null);
Insert into RULVALUE (RULID,RVAORDRE,RVAVALUE,RULIDVALUE,CRIID) values ('3007163','4',null,'3007168',null);
Insert into RULVALUE (RULID,RVAORDRE,RVAVALUE,RULIDVALUE,CRIID) values ('3007163','5',null,'3007169',null);
Insert into RULVALUE (RULID,RVAORDRE,RVAVALUE,RULIDVALUE,CRIID) values ('3007163','6',null,'3007170',null);

Insert into RULVALUE (RULID,RVAORDRE,RVAVALUE,RULIDVALUE,CRIID) values ('3007163','7',null,'3007171',null);
Insert into RULVALUE (RULID,RVAORDRE,RVAVALUE,RULIDVALUE,CRIID) values ('3007163','8',null,'3007172',null);
Insert into RULVALUE (RULID,RVAORDRE,RVAVALUE,RULIDVALUE,CRIID) values ('3007163','9',null,'3007173',null);


commit ;





