<?xml version="1.0" encoding="UTF-8"?>
<jdbcDataSource exportedWithPermissions="true">
    <folder>/datasources</folder>
    <name>AVSGM45</name>
    <version>7</version>
    <label>AVSGM45</label>
    <creationDate>2021-03-24T21:03:44.796+01:00</creationDate>
    <updateDate>2021-12-07T16:56:13.842+01:00</updateDate>
    <driver>oracle.jdbc.OracleDriver</driver>
    <connectionUrl>jdbc:oracle:thin:@lnzaydbdevsol01.marc.fr.ssg:1587:BMCI47</connectionUrl>
    <connectionUser>AVSGM19</connectionUser>
    <connectionPassword>ENC&lt;AC08DE3ECA037EB8A8F8B811DB25B2BE&gt;</connectionPassword>
    <timezone></timezone>
</jdbcDataSource>
