<?xml version="1.0" encoding="UTF-8" standalone="no"?>

<beans xmlns="http://www.springframework.org/schema/beans" xsi:schemaLocation="            http://www.springframework.org/schema/beans            http://www.springframework.org/schema/beans/spring-beans-3.2.xsd            http://www.springframework.org/schema/webflow-config            http://www.springframework.org/schema/webflow-config/spring-webflow-config-1.0.xsd" xmlns:xsi="http://www.w3.org/2001/XMLSchema-instance">
   <bean class="com.cassiopae.cassiopae.properties.BatchPropertiesBean" id="batchPropertiesBean" parent="abstractBatchPropertiesBean">
      <property name="workingDir" value="/Cassiopae/Tomcat/SGM45/apps/common/bin"></property>
      <property name="outputFolder" value="/Cassiopae/Tomcat/SGM45/tomcat/tmp/work/batch/output"></property>
      <property name="tempFolder" value="/Cassiopae/Tomcat/SGM45/tomcat/tmp/work/batch/temp"></property>
      <property name="environmentVariables">
         <list>
            <value>TEMP_PATH=/Cassiopae/Tomcat/SGM45/tomcat/tmp/work/batch/temp</value>
            <value>TNS_ADMIN=/Cassiopae/Tools/instantclient_12_2</value>
            <value>PATH=/usr/bin:/bin:/sbin:/Cassiopae/Tomcat/SGM45/apps/common/bin:/Cassiopae/Tools/instantclient_12_2:</value>
            <value>LD_LIBRARY_PATH=/usr/bin:/bin:/Cassiopae/Tomcat/SGM45/apps/common/bin:/Cassiopae/Tools/instantclient_12_2:</value>
         </list>
      </property>
      <property name="schemaDetails">
         <map>
            <entry>
               <key>
                  <value>TRSGM45</value>
               </key>
               <bean class="com.cassiopae.cassiopae.properties.DataSource" factory-bean="dataSourceFactory" factory-method="createDataSource">
                  <constructor-arg index="0" value="KSIOP45"></constructor-arg>
                  <constructor-arg index="1" value="TRSGM45"></constructor-arg>
                  <constructor-arg index="2" value="TRES5PRG"></constructor-arg>
               </bean>
            </entry>
         </map>
      </property>
   </bean>
   <bean class="com.cassiopae.cassiopae.properties.JasperPropertiesBean" id="jasperPropertiesBean">
      <property name="dbPort" value="1578"></property>
      <property name="dbServer" value="lnzaydbdevsol01.marc.fr.ssg"></property>
      <property name="url" value="%DB_URL%"></property>
      <property name="driver" value="%DB_DRIVER%"></property>
      <property name="schemaDetails">
         <map>
            <entry>
               <key>
                  <value>SCHEMA_BO</value>
               </key>
               <bean class="com.cassiopae.cassiopae.properties.DataSource" factory-bean="dataSourceFactoryJasper" factory-method="createDataSource">
                  <constructor-arg index="0" value="KSIOP45"></constructor-arg>
                  <constructor-arg index="1" value="TRSGM45"></constructor-arg>
                  <constructor-arg index="2" value="r0vNASCQPoUbrCrAHDZyhQ=="></constructor-arg>
               </bean>
            </entry>
            <entry>
               <key>
                  <value>SCHEMA_FO</value>
               </key>
               <bean class="com.cassiopae.cassiopae.properties.DataSource" factory-bean="dataSourceFactoryJasper" factory-method="createDataSource">
                  <constructor-arg index="0" value="KSIOP45"></constructor-arg>
                  <constructor-arg index="1" value="AVSGM45"></constructor-arg>
                  <constructor-arg index="2" value="17pNmFfK7kyNO2dMkWLiAQ=="></constructor-arg>
               </bean>
            </entry>
         </map>
      </property>
   </bean>
   <bean class="com.cassiopae.cassiopae.properties.DataSourceFactory" id="dataSourceFactoryJasper">
      <property name="decryptor" ref="jasperDecryptor"></property>
   </bean>
   <bean class="com.cassiopae.cassiopae.jasper.security.JasperDecryptor" id="jasperDecryptor">
      <property name="algorithm" value="AES"></property>
      <property name="secretKeyGeneratorString" ref="jasperSecretKeyGeneratorString"></property>
      <property name="cipherInstance" value="AES/CBC/PKCS5Padding"></property>
      <property name="paramIdentifierKey" value="tid"></property>
   </bean>
   <bean class="java.lang.String" id="jasperSecretKeyGeneratorString">
      <constructor-arg value="password12345678"></constructor-arg>
   </bean>
   <bean class="java.lang.Boolean" id="hostedInJavaSE">
      <constructor-arg>
         <value>false</value>
      </constructor-arg>
   </bean>
   <bean class="java.net.URL" id="webServiceEndPointURL">
      <constructor-arg>
         <value>http</value>
      </constructor-arg>
      <constructor-arg>
         <value>localhost</value>
      </constructor-arg>
      <constructor-arg>
         <value>8782</value>
      </constructor-arg>
      <constructor-arg>
         <value>/CassiopaeWebServicesSGM45BO/CassiopaeServiceSoapHttpPort</value>
      </constructor-arg>
   </bean>
   <!-- 
		If WEBSERVICEENDPOINT_PROTOCOL is specified as "https" then SSL configuration needs to be done by
		uncommenting the properties commented below and setting appropriate values for them.
	-->

   <bean class="com.cassiopae.cassiopae.properties.runtime.SSLConfiguration" id="casWSsslConfiguration">
      <!--
		&amp;lt;property name="certificateStoreFile" value="%WS_SSLCONFIG_CERT_STORE_FILE%" /&amp;gt;
		&amp;lt;property name="certificateStorePassword" value="%WS_SSLCONFIG_CERT_STORE_PASSWORD%"/&amp;gt;
		&amp;lt;property name="trustedCertStoreFile" value="%WS_SSLCONFIG_TRUST_STORE_FILE%" /&amp;gt;
		&amp;lt;property name="trustedCertStorePassword" value="%WS_SSLCONFIG_TRUST_STORE_PASSWORD%"/&amp;gt;
		&amp;lt;property name="keyManagerFactoryPassword" value="%WS_SSLCONFIG_KEY_MGR_FACTORY_PASSWORD%"/&amp;gt;
	 -->
</bean>
   <bean class="com.cassiopae.cassiopae.properties.KSLConfiguration" id="kSLConfiguration" lazy-init="true"></bean>
   <bean class="com.cassiopae.cassiopae.properties.DataSourceFactory" id="dataSourceFactory">
      <!-- &amp;lt;property name="decryptor" ref="aesDecryptor"&amp;gt;&amp;lt;/property&amp;gt; -->
</bean>
   <bean class="com.cassiopae.cassiopae.properties.BDOCPropertiesBean" id="bDOCPropertiesBean">
      <property name="bdocEnvironmentVariables">
         <list>
            <value>%BDOC_COMMANDFILE%</value>
            <value>%BDOC_OUTPUT%</value>
         </list>
      </property>
      <property name="callType">
         <value>%CALL_TYPE%</value>
      </property>
      <property name="bDOCwsdlLocation">
         <value>%BDOC_WSDL_LOCATION%</value>
      </property>
   </bean>
   <!-- <bean class="com.cassiopae.cassiopae.properties.DocBytePropertiesBean" id="docBytePropertiesBean"> -->
      <!-- <property name="docShifterUrl" value="%DOCSHIFTER_URL%"></property> -->
      <!-- <property name="docShifterAccountName" value="%DOCSHIFTER_USERNAME%"></property> -->
      <!-- <property name="docShifterAccountPassword" value="%DOCSHIFTER_PASSWORD%"></property> -->
      <!-- <property name="documentumUrl" value="%DOCUMENTUM_URL%"></property> -->
      <!-- <property name="documentumAccountName" value="%DOCUMENTUM_USERNAME%"></property> -->
      <!-- <property name="documentumAccountPassword" value="%DOCUMENTUM_PASSWORD%"></property> -->
      <!-- <property name="delaiPdf" value="15000"></property> -->
   <!-- </bean> -->
</beans>

