<?xml version="1.0" encoding="UTF-8" standalone="no"?>
<beans xmlns="http://www.springframework.org/schema/beans" xmlns:xsi="http://www.w3.org/2001/XMLSchema-instance" xsi:schemaLocation="http://www.springframework.org/schema/beans http://www.springframework.org/schema/beans/spring-beans-3.2.xsd        http://www.springframework.org/schema/util http://www.springframework.org/schema/util/spring-util-3.2.xsd">
   <bean class="com.cassiopae.cassiopae.common.printing.PrintingOptions" id="printingOptions" lazy-init="true">
      <property name="fieldSeparator">
         <value>#</value>
      </property>
      <property name="noSeparatorAtLineStart">
         <value>false</value>
      </property>
      <property name="noSeparatorIfNoData">
         <value>false</value>
      </property>
      <property name="addSeparatorIfNoLine">
         <value>false</value>
      </property>
      <property name="documentsPathDirectory">
         <value>/Cassiopae/Tomcat/SGM19/work/SGM19FO/front/temp</value>
      </property>
      <property name="documentsSavePathDirectory">
         <value>/Cassiopae/Tomcat/SGM19/tmp/work/front/documents</value>
      </property>
      <property name="ediConfigPath">
         <value/>
      </property>
      <property name="edinatBinPath">
         <value/>
      </property>
      <property name="useLocalExecutables">
         <value>true</value>
      </property>
      <property name="cassV3ExecutablesPath">
         <value>/Cassiopae/Tomcat/SGM19/apps/front/bin</value>
      </property>
      <property name="documentsGeneratedbyBatch">
         <value>true</value>
      </property>
   </bean>
   <bean class="properties.DocumentPropertiesBean" id="documentPropertiesBean">
      <property name="serverPath" value="C:\\CassiopeUploads"/>
      <property name="tempFolderPath" value="C:\\CassiopeUploads\\temp"/>
      <property name="openAllDocuments">
         <value>false</value>
      </property>
      <property name="downloadFolder">
         <map>
            <entry key="reportDesignerOutput" value="/applis/Cassiopae/AVTRUNK45/work/AVTRUNK45/front/documents/"/>
         </map>
      </property>
   </bean>
   <bean class="properties.PrintingPropertiesBean" id="printingPropertiesBean">
      <property name="exeJVM" value="java"/>
      <property name="classPath" value="-cp ./LanceEditionClient.jar;./log4j.jar;./commun.jar"/>
      <property name="classeJava" value="com.orfi.lanceEdition.LanceEdition"/>
      <property name="URLhost" value="http://orbite:8888/openprint/servlet/"/>
      <property name="descParmTypeDoc" value="typDoc"/>
      <property name="descParmExt" value="ext"/>
      <property name="descParmExtCom" value="c_ext"/>
      <property name="descParmExtFich" value="fs_ext"/>
      <property name="descParmFree" value="edFree"/>
      <property name="descParmFreeCom" value="c_edFree"/>
      <property name="descParmFreeFichEnt" value="fe_edFree"/>
      <property name="descParmFreeFichSort" value="fs_edFree"/>
   </bean>
   <bean class="properties.BoReportBean" id="boReportBean">
      <property name="boIntegrationEnabled" value="NO"/>
      <property name="boIntegrationMandatory" value="NO"/>
      <property name="boReportLinkTitle" value="BO Reports"/>
      <property name="boInfoViewURI" value="InfoView/logon/logon.do"/>
      <property name="boServer" value="10.1.47.36"/>
      <property name="boServerURL" value="http://10.1.47.36:8085/businessobjects/enterprise115/desktoplaunch/"/>
      <property name="boUser" value="administrator"/>
      <property name="boPocFolder" value="ADMIN_FOLDER"/>
      <property name="boReportPasswordFile" value="C:\\Program Files\\Business Objects\\BusinessObjects Enterprise 12.0\\win32_x86\\TrustedPrincipal.conf"/>
   </bean>
   <bean class="com.cassiopae.cassiopae.common.shared.options.CacheOptions" id="cacheOptions" lazy-init="true">
      <property name="userCode">
         <value>ORFI</value>
      </property>
      <property name="language">
         <value>fr</value>
      </property>
      <property name="country">
         <value>FR</value>
      </property>
      <property name="defaultLanguages">
         <list>
            <value>fr</value>
         </list>
      </property>
      <property name="defaultUgeCode">
         <value>BRD</value>
      </property>
   </bean>
   <!-- This should only be modified by the Cassiopae development team  -->

   <bean class="com.cassiopae.cassiopae.service.printing.specific.nl.NLPrintingHelper" id="printingHelper" lazy-init="true"/>
   <bean class="com.cassiopae.cassiopae.service.common.specific.hyundai.HyundaiCommissionCalculator" id="commissionCalculator" lazy-init="true"/>
   <bean class="com.cassiopae.cassiopae.common.shared.options.DisplayOptions" id="displayOptions" lazy-init="true">
      <property name="globalSearchMaxRow">
         <value>20</value>
      </property>
      <property name="startPageCode">
         <value>dealSearch-page</value>
      </property>
      <property name="imageFilesDirectory">
         <value/>
      </property>
      <property name="imageFilesTempDirectory">
         <value/>
      </property>
   </bean>
   <bean class="com.cassiopae.cassiopae.common.shared.options.MailOptions" id="mailOptions" lazy-init="true">
       <property name="smtpHost">
         <value>smtp.soprasteria.com</value>
      </property>
      <property name="user">
         <value>PROJ-CSP-TN-Infr.SVC@soprasteria.com</value>
      </property>
      <property name="password">
         <value>5rb4ZfBw?ip4$i6W</value>
      </property>
      <property name="senderEmail">
         <value>PROJ-CSP-TN-Infr.SVC@soprasteria.com</value>
      </property>
	 <property name="TLS">
         <value>false</value>
      </property> 
	  <property name="smtpPort">
         <value>587</value>
      </property>
   </bean>
   <bean class="com.cassiopae.cassiopae.common.shared.options.VariantImageOptions" id="variantImageOptions" lazy-init="true">
      <property name="url">
         <value>/images/Simens/</value>
      </property>
      <property name="bufferSize">
         <value>10</value>
      </property>
      <property name="visible">
         <value>true</value>
      </property>
   </bean>
   <!--
		CassiopaeWebServices proxy configuration bean
	-->

   <bean class="com.cassiopae.webservicesproxy.beans.WebServicesProxyPropertiesBean" id="webServicesProxyPropertiesBean" lazy-init="true">
      <property name="wsdlLocation" value="http://slnxcassbtech47.marc.fr.ssg:8783/FrontV4CassiopaeWebServicesSGM19FO/CassiopaeServiceSoapHttpPort?wsdl"/>
   </bean>
   <bean class="com.cassiopae.framework.server.util.cache.CacheControlBean" id="cacheControlBean" lazy-init="true">
      <property name="procCacheEnabled" value="true"/>
      <property name="tableDescCacheEnabled" value="true"/>
      <property name="cachDuration" value="7200000"/>
   </bean>
   <bean class="properties.BatchPropertiesBean" id="batchPropertiesBean">
      <property name="baseDocRoot" value="c:\\temp"/>
      <property name="moteur" value="EDIBATCH"/>
      <property name="schemaCible" value="AVSGM19"/>
      <property name="edinatSharedLocation" value="/Cassiopae/Tomcat/SGM19/tmp/work/front/documents"/>
      <property name="batchSharedLocation" value="Q:\\Convergence\\BatchSharedLocation"/>
      <property name="fileSeparator" value="/"/>
   </bean>
   <bean class="properties.ApplicationConfigBean" id="applicationConfigBean">
      <property name="partialReadOn">
         <value>false</value>
      </property>
      <property name="linkedDocURL" value="iecm://asercl.it.gefa.de:30900/0002/"/>
      <property name="URLPattern" value="{0}{1};{2};{3}.{4}"/>
      <property name="cacheRecentItem" value="true"/>
      <property name="cssSkinFamily" value="45_2016"/>
      <property name="asyncLoggingInterval" value="10000"/>
      <property name="remoteUserInUpperCase">
         <value>true</value>
      </property>
   </bean>
   <bean class="com.cassiopae.cassiopae.common.shared.options.AdministratorOptions" id="administratorOptions">
      <property name="logFilesDirectory" value="/Cassiopae/Tomcat/SGM19/SGM19FO/logs"/>
      <property name="configFilesDirectory" value="/Cassiopae/Tomcat/SGM19/SGM19FO/lib/FrontV4SGM19FO"/>
      <property name="docFilesDirectory" value=""/>
   </bean>
   <bean class="com.cassiopae.cassiopae.common.shared.options.ContractTerminationOptions" id="contractTerminationOptions" lazy-init="true">
      <property name="webServiceURL" value="http://slnxcassbtech47.marc.fr.ssg:8782/CassiopaeSGM19BOSGM19FO/WebServices/com/toto/contract/ContractTerminationService"/>
   </bean>
   <bean class="com.cassiopae.framework.ws.dateformatter.WebServicesDateFormatter" id="webServicesDateFormatter">
      <property name="wsDateFormatter" value="DEFAULT"/>
   </bean>
   <bean class="com.cassiopae.cassiopae.common.shared.options.LoginPageOptions" id="loginPageOptions" lazy-init="true">
      <property name="displayBusinessTerms">
         <value>false</value>
      </property>
      <property name="businessTermsLabel">
         <value>Business Terms and conditions *</value>
      </property>
      <property name="businessTermsURL">
         <value>/this/is/a/path/to/businessTermsURL.pdf</value>
      </property>
      <property name="urlsToWebsite">
         <list>
            <!--value&gt;Privacy Policy;http://www.aldermore.co.uk/legal-info/privacy-policy/&lt;/value&gt;
				&lt;value&gt;Website Terms and Conditions;http://www.aldermore.co.uk/legal-info/terms-conditions&lt;/value&gt;
				&lt;value&gt;Sitemap;http://www.aldermore.co.uk/sitemap/&lt;/value&gt;
				&lt;value&gt;Contact Us;http://www.aldermore.co.uk/intermediaries/resources/contacts/asset-finance/&lt;/value-->
</list>
      </property>
   </bean>
   <bean class="java.lang.Boolean" id="finEngineRemotelyDeployed" lazy-init="true">
      <constructor-arg>
         <value>false</value>
      </constructor-arg>
   </bean>
   <!-- Product Unification -->

   <bean class="com.cassiopae.cassiopae.view.unification.UnificationDisplayOptionsBean" id="unificationDisplayOptionsBean">
      <property name="allowUnification">
         <value>true</value>
      </property>
      <property name="frontUrl" value="http://slnxcassbtech47.marc.fr.ssg:8783/FrontV4SGM19FO"/>
   </bean>
   <bean class="com.cassiopae.cassiopae.view.unification.UnificationCipherUtils" id="unificationCipherUtils">
      <property name="algorithm" value="AES"/>
      <property name="secretKeyGeneratorString" value="password12345678"/>
      <property name="cipherInstance" value="AES/CBC/PKCS5Padding"/>
      <property name="paramIdentifierKey" value="tid"/>
   </bean>
   <bean class="java.lang.String" id="webServiceMessageFormat">
      <constructor-arg type="java.lang.String" value="SOAP_WITH_CUSTOMER_ENVELOPPE"/>
   </bean>
   <bean class="com.cassiopae.framework.client.web.gui.clientidgen.ClientIDGenStrategies" factory-method="valueOf" id="clientIdGenStrategy">
      <constructor-arg type="java.lang.String" value="DEFAULT"/>
      <!-- SECURITY_KEY -->

   </bean>
   <bean class="com.cassiopae.cassiopae.common.loader.XLSRepoParam" id="XLSRepoParam">
      <property name="repo" value="/prod/cassiopae/"/>
   </bean>
   <bean class="java.lang.String" id="selectedSectionDisplayConfigID">
      <constructor-arg value="TAB"/>
   </bean>
   <!--bean id="webServiceOptions" class="com.cassiopae.cassiopae.common.ws.WebServiceOptions"&gt;
		&lt;property name="enableForeignKeyChecks"&gt;&lt;value&gt;true&lt;/value&gt;&lt;/property&gt;
	&lt;/bean-->

   <bean class="properties.RDWConfig" id="rdwConfig">
      <property name="regexForSplitToFetchUrlandSendParameterForRDW" value="_flowId=flow-generic-custommenuitem&amp;"/>
      <property name="deployedInHyundai" value="false"/>
      <property name="sysCode" value="HCO1"/>
      <property name="trgSysCode" value="HGG1"/>
      <property name="encodingFormat" value="UTF-8"/>
   </bean>
   <bean class="com.cassiopae.cassiopae.common.shared.options.DeploymentOptions" id="deploymentOptions">
      <!-- <property name="cassiopaeBackOfficeApplicationURL" value="http://slnxcassbtech47.marc.fr.ssg:8782/CassiopaeSGM19BO"/> -->
	  <property name="cassiopaeBackOfficeApplicationURL" value="http://slnxcasssogel40.marc.fr.ssg:7002/CassiopaeSGM40-BO"/>
      <property name="cassiopaeFrontOfficeApplicationURL" value="http://slnxcassbtech47.marc.fr.ssg:8783/FrontV4SGM19FO"/>
   </bean>
   <bean class="properties.AccessLoggingBean" id="accessLoggingBean">
      <property name="accessLogLocation" value="/Cassiopae/Tomcat/SGM19/SGM19BO/logs/CassiopaeV4.5Access.log"/>
      <property name="activateAccessLogging" value="true"/>
   </bean>
   <bean class="java.lang.Boolean" id="isEnableAsynchronousLogging">
      <constructor-arg>
         <value>true</value>
      </constructor-arg>
   </bean>
   <bean class="java.lang.String" id="webserviceAuthMode">
      <constructor-arg value="MIXED"/>
   </bean>
   <bean class="com.cassiopae.cassiopae.common.shared.options.FrontImplementationProvider" id="applicationImplementationProvider" lazy-init="true"/>
   <bean class="java.lang.Boolean" id="compressionOption">
      <constructor-arg value="%COMPRESSIONOPTION%"/>
   </bean>
   <bean class="properties.LocaleBean" id="localeBean">
      <property name="defaultLocale" value="fr_MA"/>
   </bean>
   <bean id="iterationPwdSecurity" class="java.lang.String" >
    <constructor-arg value="0" />
   </bean>
</beans>
